rollout,timestep,mean_reward,slo_pct,avg_replicas,policy_loss,value_loss,entropy
1,512,0.0,0.0,0.0,-0.0211,32.074,1.6022
2,1024,0.0,0.0,0.0,-0.0175,46.9863,1.5779
3,1536,0.0,0.0,0.0,-0.0109,59.08,1.5378
4,2048,0.0,0.0,0.0,-0.0106,64.8231,1.4931
5,2560,0.0,0.0,0.0,0.0001,48.8406,1.4461
6,3072,0.0,0.0,0.0,-0.0079,79.8929,1.4631
7,3584,0.0,0.0,0.0,0.0001,76.3336,1.4557
8,4096,0.0,0.0,0.0,-0.0002,113.1529,1.4469
9,4608,0.0,0.0,0.0,-0.0022,81.9733,1.437
10,5120,0.0,0.0,0.0,-0.0006,113.0344,1.3893
11,5632,0.0,0.0,0.0,-0.0013,196.9962,1.3997
12,6144,0.0,0.0,0.0,-0.0025,88.7952,1.3914
13,6656,0.0,0.0,0.0,-0.0003,145.3259,1.3453
14,7168,0.0,0.0,0.0,-0.0005,89.4904,1.3523
15,7680,0.0,0.0,0.0,-0.0047,81.6334,1.3524
16,8192,0.0,0.0,0.0,0.0006,73.3761,1.3091
17,8704,0.0,0.0,0.0,-0.0055,91.163,1.3076
18,9216,0.0,0.0,0.0,-0.0038,90.9984,1.2793
19,9728,0.0,0.0,0.0,-0.0071,94.6088,1.24
20,10240,0.0,0.0,0.0,-0.0037,94.1422,1.1925
1,512,0.0,0.0,0.0,-0.0223,38.5243,1.5985
2,1024,0.0,0.0,0.0,-0.016,55.6207,1.5783
3,1536,0.0,0.0,0.0,-0.0128,65.3666,1.5322
4,2048,0.0,0.0,0.0,-0.0103,70.3096,1.4807
5,2560,0.0,0.0,0.0,-0.0002,48.7437,1.4365
6,3072,0.0,0.0,0.0,-0.0029,80.9386,1.4259
7,3584,0.0,0.0,0.0,-0.007,76.505,1.3938
8,4096,0.0,0.0,0.0,-0.0012,195.9948,1.3839
9,4608,0.0,0.0,0.0,-0.0015,87.952,1.3768
10,5120,0.0,0.0,0.0,-0.0004,131.1048,1.3177
11,5632,0.0,0.0,0.0,-0.0015,196.3516,1.3199
12,6144,0.0,0.0,0.0,-0.0061,88.7089,1.3157
13,6656,0.0,0.0,0.0,-0.0,180.1853,1.2521
14,7168,0.0,0.0,0.0,-0.0003,93.9875,1.2547
15,7680,0.0,0.0,0.0,-0.0053,88.7926,1.283
16,8192,0.0,0.0,0.0,-0.0007,75.5662,1.2382
17,8704,0.0,0.0,0.0,-0.0024,92.9958,1.2498
18,9216,0.0,0.0,0.0,-0.0054,91.2727,1.2143
19,9728,0.0,0.0,0.0,-0.0088,92.0939,1.212
20,10240,0.0,0.0,0.0,-0.0069,94.0558,1.183
21,10752,0.0,0.0,0.0,-0.0,92.6242,1.1907
22,11264,0.0,0.0,0.0,-0.0088,82.5608,1.1792
23,11776,0.0,0.0,0.0,-0.0045,90.0502,1.1729
24,12288,0.0,0.0,0.0,-0.0009,88.8204,1.1572
25,12800,0.0,0.0,0.0,-0.0003,52.2383,1.1512
26,13312,0.0,0.0,0.0,0.0016,89.5128,1.1694
27,13824,0.0,0.0,0.0,0.0003,196.7764,1.1663
28,14336,0.0,0.0,0.0,-0.0008,160.6426,1.1689
29,14848,0.0,0.0,0.0,-0.0029,86.9542,1.1599
30,15360,0.0,0.0,0.0,-0.001,340.2448,1.1544
31,15872,0.0,0.0,0.0,-0.0,88.789,1.1637
32,16384,0.0,0.0,0.0,-0.0081,85.9346,1.1467
33,16896,0.0,0.0,0.0,0.0013,253.723,1.1323
34,17408,0.0,0.0,0.0,-0.0052,85.317,1.1099
35,17920,0.0,0.0,0.0,0.0004,79.0767,1.0736
36,18432,0.0,0.0,0.0,-0.0006,67.5136,1.0986
37,18944,0.0,0.0,0.0,-0.0104,81.8791,0.9933
38,19456,0.0,0.0,0.0,-0.0018,80.5093,1.0286
39,19968,0.0,0.0,0.0,-0.0064,70.2726,1.0402
40,20480,12038.6,90.28,1.34,-0.0018,75.9183,0.9724
41,20992,12038.6,90.28,1.34,-0.0035,80.4502,0.9934
42,21504,12038.6,90.28,1.34,-0.0028,79.7992,1.0289
43,22016,12038.6,90.28,1.34,0.0003,78.5633,1.0343
44,22528,12038.6,90.28,1.34,0.0003,44.9059,1.0538
45,23040,12038.6,90.28,1.34,-0.0008,72.5846,1.0412
46,23552,12038.6,90.28,1.34,-0.0049,71.5246,0.9991
47,24064,12038.6,90.28,1.34,0.0032,339.109,1.0238
48,24576,12038.6,90.28,1.34,0.0006,71.1731,1.0006
49,25088,12038.6,90.28,1.34,-0.0003,68.5003,0.9965
50,25600,12038.6,90.28,1.34,-0.0013,373.8016,1.0142
51,26112,12038.6,90.28,1.34,-0.0025,71.107,0.979
52,26624,12038.6,90.28,1.34,-0.0015,87.0142,0.9973
53,27136,12038.6,90.28,1.34,0.002,195.0325,1.0191
54,27648,12038.6,90.28,1.34,0.0003,71.1262,0.8939
55,28160,12038.6,90.28,1.34,0.0034,65.9038,0.8584
56,28672,12038.6,90.28,1.34,0.0008,70.8228,0.8527
57,29184,12038.6,90.28,1.34,-0.0026,69.3792,0.8809
58,29696,12038.6,90.28,1.34,0.0019,69.6215,0.9906
59,30208,12038.6,90.28,1.34,-0.0004,68.5265,1.0171
60,30720,12038.6,90.28,1.34,-0.0057,66.9862,1.073
61,31232,12038.6,90.28,1.34,0.0017,60.3788,1.1103
62,31744,12038.6,90.28,1.34,0.0004,65.4699,1.1135
63,32256,12038.6,90.28,1.34,-0.0025,64.3947,1.1097
64,32768,12038.6,90.28,1.34,0.0012,41.2486,1.0935
65,33280,12038.6,90.28,1.34,-0.0002,62.1388,1.0952
66,33792,12038.6,90.28,1.34,-0.0029,71.779,1.0831
67,34304,12038.6,90.28,1.34,-0.0011,314.3236,1.0309
68,34816,12038.6,90.28,1.34,-0.0004,60.9066,1.0791
69,35328,12038.6,90.28,1.34,-0.0011,242.4682,1.0393
70,35840,12038.6,90.28,1.34,-0.0045,213.4896,1.0311
71,36352,12038.6,90.28,1.34,-0.0027,58.8318,1.0663
72,36864,12038.6,90.28,1.34,0.0031,282.4904,1.0592
73,37376,12038.6,90.28,1.34,-0.0021,56.7485,1.0648
74,37888,12038.6,90.28,1.34,-0.0024,57.1536,1.0882
75,38400,12038.6,90.28,1.34,0.0001,50.966,1.1025
76,38912,12038.6,90.28,1.34,-0.0028,56.1945,1.0856
77,39424,12038.6,90.28,1.34,-0.0002,54.2698,1.0799
78,39936,12038.6,90.28,1.34,-0.0036,50.0925,1.0902
79,40448,12400.85,89.94,1.17,-0.0023,52.9067,1.0781
80,40960,12400.85,89.94,1.17,-0.0024,52.4958,1.0651
81,41472,12400.85,89.94,1.17,0.0018,54.1199,1.0717
82,41984,12400.85,89.94,1.17,0.0006,51.7131,1.0942
83,42496,12400.85,89.94,1.17,0.0009,37.7839,1.0757
84,43008,12400.85,89.94,1.17,0.0027,47.1424,1.0778
85,43520,12400.85,89.94,1.17,-0.0037,47.0731,1.0803
86,44032,12400.85,89.94,1.17,0.0087,375.1913,1.0497
87,44544,12400.85,89.94,1.17,-0.001,52.2682,1.0635
88,45056,12400.85,89.94,1.17,-0.0006,47.0908,1.0785
89,45568,12400.85,89.94,1.17,0.0159,464.2374,1.032
90,46080,12400.85,89.94,1.17,-0.0013,43.1928,1.0601
91,46592,12400.85,89.94,1.17,-0.0001,44.9115,1.0856
92,47104,12400.85,89.94,1.17,-0.009,281.3153,1.0698
93,47616,12400.85,89.94,1.17,-0.005,43.9777,1.0643
94,48128,12400.85,89.94,1.17,0.0014,41.5167,1.0537
95,48640,12400.85,89.94,1.17,0.0033,45.2644,0.9478
96,49152,12400.85,89.94,1.17,-0.005,41.8397,1.0523
97,49664,12400.85,89.94,1.17,-0.002,41.1176,1.0574
98,50176,12400.85,89.94,1.17,0.0006,40.225,1.0659
